# origin_lat,origin_lon
0.00021993976501738215,-0.0005719601800364184
# x[m],y[m]
0.0,0.0
0.5098841720167624,0.001517695357597064
1.0762525302042365,0.003096022740655919
1.585770343065544,0.004524664813387573
2.244140644379176,0.006372046803749723
2.7589973786961854,0.00781584688221313
3.2797311244792153,0.009272910215864476
3.7816240874017706,0.010676920528116888
4.500581034190454,0.012694830085872808
5.151101327334974,0.014521369816756453
5.736497464206674,0.016184960981969154
6.274018855081158,0.017647708567491635
6.779418943679197,0.01911992990541559
7.4291530911362855,0.020952153887601094
8.083027860308366,0.02279385162335059
8.6005101685832,0.024203546186892876
9.1635469481997,0.02581597908035759
9.792181098000643,0.027572413031571267
10.497514063670373,0.029554322322382136
11.239307397875248,0.03162907440003591
11.945189902280797,0.03360908893953594
12.587490011862341,0.03541289165848869
13.173199080519227,0.037076482821136646
13.71843691112866,0.038563862164076264
14.238842460175258,0.040077768016388036
14.748158012261568,0.041451462313860155
15.260858570302803,0.04293884165534063
15.794823224374841,0.04439590498553137
16.368732475208034,0.04603675913792331
17.001018767854045,0.04779698258802541
17.702459167494297,0.04976562862058623
18.437291677735857,0.051827117439750256
19.139869317258277,0.053801447723951505
19.784317970647386,0.055175142023496986
20.378201427984255,0.05663031060307201
20.937009812346385,0.05812147944549629
21.47576384914228,0.05948001573581946
22.010716909691784,0.06090865780304411
22.559721370382448,0.06229182585282182
23.140274697169158,0.06381331070679949
23.7711489805715,0.06549395462347588
24.463529623580587,0.06735649461187855
25.191916502421034,0.06931945638975182
25.900863448530384,0.07122557564483291
26.55655093229186,0.07299148334407961
27.159658244641037,0.07463044274271281
27.72643112441537,0.07611403258012145
28.27350075081475,0.07763172793014114
28.81795243574327,0.07905089624173442
29.37886738525869,0.08059701285270676
29.97425444163837,0.08217534022665719
30.624595371464792,0.08393177417054219
31.341621300222375,0.08585873568156627
32.0825521639296,0.08785011871771659
32.776764602725265,0.08971834295493128
33.40686418916698,0.09141225012312527
33.98523844222738,0.09298868274461432
34.527652254351395,0.09440785105432001
35.048302042846025,0.0958592301259641
35.56240697766302,0.09718934515033097
36.08695124031443,0.09864830322465068
36.640227983048,0.10010347179780486
37.24509839884169,0.10174622069431379
37.92028496707957,0.103559497157797
38.650551344724484,0.10551677467765094
39.36798561129573,0.11088081401763256
40.02965886940364,0.15660304400131547
40.629972693190716,0.2485761394130081
41.1886322441537,0.3320323302724131
41.72119442959187,0.3844506093494906
42.23878550075698,0.4512273094922792
42.75112351589391,0.5650487756217757
43.26934045061678,0.7348468627005995
43.82400439703109,0.9143233365316266
44.44076812856152,1.0787820160416415
45.11103746999883,1.294961706351857
45.795758916904134,1.5712902587288804
46.456630764358295,1.8184036495301912
47.07026326997556,2.013655817976749
47.63390110760076,2.1877739367299847
48.16062253586583,2.3507433421608765
48.66482432474151,2.5068499604310612
49.16322542697581,2.654989151862486
49.67852579935594,2.767196290364789
50.21861742870724,2.8678075543719954
50.79846856712165,2.9932987902741903
51.44921783476588,3.082194810490521
52.173356283090854,3.126278081085359
52.9119392044018,3.1955975367128615
53.59404080172055,3.2950094235050966
54.20879146601638,3.389811381759563
54.772125912468475,3.4530297400199625
55.29803352729811,3.507704667218037
55.80109712223514,3.5572997676966107
56.46472572694003,3.595192887639484
56.97675987387539,3.625200055024349
57.52219471795518,3.6591293564296143
58.12158119513414,3.6893316831401024
58.79089552221453,3.7325983161650367
59.526272800909354,3.773072086607191
60.256414673692085,3.8125719551714305
60.92730940166452,3.8394300468345333
61.53385419329657,3.857716286174323
62.09201548627236,3.8671388815777545
62.618420643550884,3.884644483614381
63.12878405201009,3.9002970194324473
63.63721306966399,3.9160708192973503
64.16019774559715,3.917491882348153
64.7159151832927,3.8881061932063408
65.32576030802763,3.881622356192271
66.00718416476056,3.861844948024508
66.74721391852277,3.849530962999537
67.47770521589159,3.8451484045488744
68.14735012486726,3.8498568601222143
68.75309350584476,3.8522935095647894
69.30983253342383,3.85169666308135
69.83190768801742,3.851137711612544
70.33387029736544,3.850527601873797
70.9969340983714,3.849798122837801
71.51095316776711,3.8492789611338463
72.06084633564244,3.848644219634701
72.66727568597733,3.8479943201291134
73.34771244806869,3.8472421040831164
74.08922242639002,3.8464216770099253
74.82400627957574,3.8456088289393233
75.49881981024141,3.844867981396769
76.10944320966733,3.8442010291331026
76.67221666866135,3.843554919127674
77.20261504533654,3.8430224941664037
77.71582125535335,3.842412384425002
78.2272586375685,3.841908380724558
78.75316148209613,3.8412850077275134
79.31295541076368,3.840705213996802
79.92544399808095,3.8400136299719523
80.60555733372804,3.839267098174743
81.34023910245969,3.8384656186052526
82.0577191639298,3.8376774022907525
82.71576508477018,3.836953607501645
83.31489396566504,3.8363112869946314
83.87106341924074,3.8356594927342966
84.4001280196109,3.835125173019675
84.9164234768869,3.8344942210175907
85.43600662596657,3.8339580065519967
85.97825252348116,3.833323265047674
86.56224809985044,3.832707471049826
87.20643534072939,3.831987465760368
87.92185654006366,3.831199249442997
88.66448753923625,3.8303731381101063
89.36850580982967,3.8295962902966156
90.00931949347648,3.8288876535103786
90.59611237465242,3.828245333000579
91.14761838146521,3.8276352232537003
91.67848806392631,3.834477168145758
92.20229579202572,3.867370040886289
92.7377602289053,3.879848869212961
93.30300852032082,3.9088859242075213
93.91598844869095,3.9873475521099784
94.59483479225248,4.083221939260631
95.30691868864744,4.246286082205773
95.97826421011044,4.485060674999898
96.58180657396792,4.747917549630352
97.09986513468753,5.0635924957368355
97.58897368957564,5.35417525786681
98.06629387536059,5.617627084229611
98.53988559348171,5.8747902329043855
99.03668769065122,6.115338312387501
99.5460490376493,6.402753051287261
100.09383611740783,6.731619252003696
100.68917356266397,7.107175900317251
101.25038617900904,7.5703325593382225
101.69043695313056,8.100013916649607
101.98208173901831,8.664903532113046
102.19163154396303,9.219686547161038
102.26236939107883,9.779714232246292
102.27428369615977,10.336865685718463
102.219406147556,10.890985538017693
102.15209910132705,11.465477750214477
102.12134401342419,12.07844477082436
102.12981606893753,12.749607165491588
102.16392944915395,13.477024709464475
102.23344228284934,14.19800767994176
102.30766435819828,14.862936344690016
102.38643539306953,15.464944127047557
102.50091881319717,16.01297803998137
102.61649367831042,16.527804551542587
102.70092419889573,17.03046297388812
102.77880604956223,17.532102020338677
102.85895474750932,18.04718242849943
102.94430498222951,18.59516328841329
103.0362992929018,19.19713696525634
103.10369792896894,19.87196001833939
103.15204970515197,20.602466006007923
103.230484910806,21.317567670203765
103.30781340650663,21.97432995928509
103.37826121930054,22.57237013360382
103.44347314915052,23.127206201675243
103.5054221927636,23.653999958876536
103.55960136926959,24.167924569089575
103.59148224837664,24.687165849864577
103.63738781393775,25.227711707897278
103.68888417287639,25.810555981326015
103.71481553194197,26.457325355035632
103.76021735367313,27.170388267441957
103.81698394173404,27.89979908918464
103.8470253925882,28.58675991547355
103.87785298912927,29.21382388154421
103.91483999898378,29.793056760073462
103.95014786270384,30.341246042569175
103.98423071299442,30.872734992091274
104.01824105470216,31.402314032872987
104.05311005068376,31.946929815483387
104.08849042299005,32.52650753864621
104.09323782709394,33.16200314548646
104.02547664818027,33.86023773865075
103.85257420764488,34.569757467195785
103.54859533020733,35.197590702084064
103.11795540694513,35.67817148889959
102.63046875458616,36.04070172595783
102.11772240164102,36.3104573880546
101.6052737155075,36.5402792836714
101.12096217582898,36.800860562709936
100.64897327902459,37.09854106112879
100.16257043916504,37.43085381347315
99.59502667865964,37.72846989037209
98.93366444420248,37.98189280114487
98.24837819358967,38.26175127416605
97.61337092094153,38.56478254866694
97.05168890693463,38.8701367875642
96.54136205091193,39.15186727430104
96.06672086645845,39.41339592870484
95.6137368508804,39.662805757409586
95.16141113691005,39.89571609671827
94.68258162772197,40.09233816996117
94.15726457621024,40.23977251413877
93.56778315308031,40.30061674975295
92.91469643766719,40.21770245764232
92.21570797295189,39.97744048553789
91.73413077007102,39.767085259016156
91.25870343990313,39.5580639370107
90.58755827106813,39.288501539544505
89.97921698385744,39.076217456778544
89.42345205182318,38.914989327301456
88.90632847018004,38.79222084823104
88.25529680065891,38.69018094220063
87.62273192236363,38.648238739965585
86.98355731428803,38.567689096764
86.47290989398284,38.48936768042097
85.90744980115434,38.440479321989095
85.26958416381729,38.451241506182626
84.55164996961672,38.47492210088593
83.8067177769632,38.49551804139354
83.11121163236483,38.563960227446444
82.48090978510974,38.62034800932386
81.90274160904706,38.63803361269627
81.3605472307666,38.64864800632603
80.8388422515519,38.659038819368114
80.32235216595338,38.6850006939458
79.79542847688246,38.739808253705455
79.23494571665535,38.79104610308169
78.62689923408641,38.891971895720225
77.96812727333234,39.07878294965305
77.25789329983758,39.289464073339666
76.57359927191936,39.52282157381566
75.97567346104601,39.80852724758231
75.4350714094137,40.07497467488188
74.92192912141927,40.29108236466621
74.42499918015169,40.46777166016919
73.93253710328192,40.613083883508324
73.43525129751993,40.742480200677285
72.92809478386381,40.8992670344641
72.3809478785491,41.053325427193386
71.7644426973301,41.178545713743944
71.07931291258053,41.33258894846809
70.35254316590824,41.47023879983698
69.65012056113572,41.51779704328036
69.01122787787587,41.556540906305464
68.42804086758424,41.58442405811926
67.88313648100865,41.61952999973224
67.35850301368971,41.665701285634135
66.83349579324684,41.67592536060045
66.29081007390542,41.69746488695293
65.7110612584302,41.74460628522974
65.07238347725287,41.77920443364367
64.36144230654925,41.795234024858836
63.61351772238106,41.81390868809856
62.90288594672536,41.835569478494996
62.25859310326357,41.84967400296156
61.672216669378486,41.86568085716507
61.12529528006424,41.8822106625709
60.60225890969191,41.88111928614545
60.08787157299598,41.8770645195708
59.563847034664974,41.8669162346335
59.009686832059806,41.870319206948736
58.404974313212556,41.870205521899784
57.7317283035939,41.84111730861746
56.998371724588026,41.82810416056532
56.273558278564906,41.82220769627124
55.60693440150908,41.816909973209185
55.00191992257653,41.803722508088754
54.44150871686731,41.77903769551144
53.907594627951724,41.76816940529007
53.38514738981731,41.75841522850031
52.857862111886746,41.74862315669535
52.30809631103797,41.73829297568091
51.7155752517731,41.72719731536843
51.060449709489404,41.71487385657814
50.33974206198143,41.70132259930976
49.60240514339334,41.68746060291973
48.91282466732965,41.67450808688254
48.28756789095096,41.66276821131625
47.71559824467275,41.65202876413854
47.18125482862218,41.64193353221106
46.66928889697727,41.632361251486444
46.1651996871936,41.62284202378221
45.65289029383989,41.61324700604793
45.11389774193361,41.603075984089145
44.527486484850655,41.59206369280233
43.87431772025041,41.57977812901922
43.15052177954425,41.56617381872186
42.408047246227405,41.552220874287876
41.71424123708449,41.539184989210256
41.08602878188963,41.52736932360728
40.51302588830554,41.516576823402374
39.97825409918106,41.506564960501
39.46596569515583,41.49687899472642
38.959592465009,41.48740524103392
38.441671288955575,41.477620748220055
37.892844283448945,41.46733604121058
37.29202480767361,41.45602816880178
36.62099221796414,41.44340912888108
35.88975651501907,41.42966081751919
35.16490729174225,41.416018612197895
34.49898083277516,41.4035056783163
33.895114088394614,41.37482673117028
33.33679990723916,41.33011061380927
32.80916258106597,41.25852693103426
32.295612909327446,41.16353928718716
31.779641832541298,41.051741414823255
31.24911561177609,40.900077987004664
30.673851595286838,40.73644731354437
30.03475712829144,40.56047044429439
29.32892423498626,40.38061312553607
28.62702207013142,40.17475224769738
28.006558492739124,39.9057279593781
27.458141733184117,39.62766192055767
26.978428764165418,39.32952668196139
26.592576247753392,38.96079682050522
26.24753843110233,38.56943984578033
25.978619361663387,38.124328792722785
25.770130471815303,37.6216741598628
25.51030168894753,37.100356232265376
25.1900999701131,36.543883099537176
24.802087461191164,35.943341854222815
24.368341117589072,35.34119386028322
23.947497485521506,34.78595989453017
23.584626373698566,34.27167149215261
23.25230045653147,33.80398258934062
22.974046861092123,33.34762050642256
22.735806554756973,32.895400348612505
22.528336601311818,32.439295951798684
22.382315763858323,31.956384621597234
22.344710522989047,31.430507923747186
22.343512223281333,30.85732308956097
22.342974133306317,30.22321444025862
22.396550343716086,29.514634508091593
22.42801906877489,29.01332514826851
22.4483710831964,28.28114799045247
22.43063319408056,27.614316995964845
22.412509864598352,27.01473828404651
22.402797530743662,26.464684566826225
22.378526236664637,25.94724708874839
22.354331267408728,25.446710787222063
22.32230918743599,24.780065478305804
22.30392253730467,24.25891807829024
22.2793688413771,23.69775733226386
22.251334733467296,23.07461550021133
22.219930884570953,22.3756305857593
22.188839967455284,21.63920918629568
22.170991407341557,20.940982172138156
22.146735378230087,20.307828477205
22.124169943972397,19.731149722663584
22.103218779745003,19.19667843548331
22.083374325467545,18.687854494244906
22.063781743109416,18.18791314444973
22.043937288831483,17.67902099218491
22.02292506474376,17.142181266586633
22.00002761749933,16.555790019780456
21.974462617650527,15.901464380140494
21.946260595126866,15.180182039045773
21.917913555436854,14.454481139238299
21.891627285998478,13.781632416418265
21.867714718590875,13.16974919323064
21.845588152068157,12.604022097934799
21.82466370152568,12.06724300436024
21.80415522127448,11.543298952261024
21.78358949740499,11.015777610775155
21.762153670539714,10.468202227515642
21.739279120738757,9.88236045842276
21.714088112524127,9.237823101077431
21.686054004608962,8.520667527082775
21.657077285114894,7.778811982513581
21.629840771611256,7.081892346363161
21.605172588440404,6.450443927091719
21.58265294906951,5.874036121905958
21.561526237739397,5.333211735513585
21.541113163514996,4.8105371664067516
21.520722986737574,4.288612918590778
21.499600091647814,3.7480253760402884
21.47702320865725,3.1701131387714914
21.45417918878313,2.5361901750410674
21.463654915730924,1.8345563990645761
21.48483505447497,1.0950484506570797
21.513590432022596,0.38277564930700625
21.530244508686337,-0.26703858883237996
21.526256536635028,-0.8574827074584339
21.515651202321518,-1.4043797699543445
21.515296291901237,-1.9246309528711631
21.530519278105842,-2.43402521407912
21.537018336900758,-2.949223096786972
21.534377497994342,-3.4887723159344204
21.550375181165613,-4.07194438124116
21.55793897126039,-4.720131028499923
21.565273786883452,-5.439584935134279
21.570761541759826,-6.171845461982964
21.56141938328678,-6.853336142901825
21.562270405088064,-7.470714143218262
21.574528171869275,-8.036753872384075
21.579344268287137,-8.569047143593762
21.583137612059737,-9.082379644203634
21.58685844724894,-9.590422000762882
21.590701402156807,-10.109421700819555
21.59477714777874,-10.660381108889894
21.599261231210708,-11.26442195878638
21.604256690965578,-11.939339749407155
21.609683385977544,-12.670675637897485
21.614965063822694,-13.382312750376919
21.619807873927336,-14.034410163151769
21.62420418380921,-14.6291781029538
21.621364900353328,-15.184151540455213
21.62298680287316,-15.716726182149054
21.622517405208747,-16.242943935128775
21.61659078261165,-16.77741901180935
21.616621312545618,-17.34008561098036
21.61686936822865,-17.952630575860905
21.620651263273537,-18.632961195642427
21.633069312179824,-19.36213896304621
21.637694596531578,-20.072523171602533
21.64154900015787,-20.72414215981698
21.645044677109652,-21.317352851359164
21.648372439447638,-21.868028994194777
21.651444513624096,-22.391945217141725
21.65457001517721,-22.90417331491734
21.657615375664616,-23.42052379818156
21.660866813177158,-23.959309788048788
21.66431669523239,-24.540535026581747
21.668167282614426,-25.182818133845302
21.672410942840695,-25.893710550075234
21.676803436473627,-26.629905882089997
21.679047386304063,-27.322599750414007
21.654306694527737,-27.947827466179508
21.654455527932623,-28.520855272898142
21.65496308801124,-29.056849465980058
21.65294811264889,-29.56872348221216
21.651039992040232,-30.07270349319678
21.649047914124605,-30.584191927654423
21.641468859074845,-31.125905425828265
21.64509810446267,-31.706119311551245
21.642716769941448,-32.35460248730014
21.6399270976095,-33.0743481855478
21.63712979279443,-33.81044274050781
21.634565278693206,-34.49771335854202
21.63224500402976,-35.12074055817332
21.62360121767908,-35.69014915414516
21.57539445868888,-36.220207566863046
21.497272184841695,-36.72514347959218
21.436647376949058,-37.22441219287466
21.347648815648522,-37.72791662142359
21.200105297921784,-38.244954307092506
20.975347771762,-38.78286172472489
20.746113794659703,-39.38700773328318
20.510953194954322,-40.061179939485484
20.235668635150468,-40.743059991674535
19.996069746915396,-41.39446013617383
19.800609504533078,-41.99468116858496
19.626100426402438,-42.54628668665133
19.481953363350794,-43.067682299007785
19.372831762138357,-43.57305968865564
19.243705424495218,-44.06255527764665
19.12021185887977,-44.5598382921563
19.003011275021134,-45.08579456953059
18.882536356201598,-45.6567530715989
18.781310558050844,-46.29484638169103
18.683912449832885,-47.00485874541112
18.598691967319574,-47.740510876070125
18.551465982308578,-48.432869847198276
18.568333768446184,-49.062029407580084
18.6017411439956,-49.63768310197189
18.63089722683611,-50.176489578830505
18.632225278762608,-50.69175377781264
18.614949154782916,-51.19805770057096
18.603263824177528,-51.7131077927197
18.58664027744329,-52.25446270931482
18.582469125780527,-52.83984026447483
18.576740947701065,-53.48644668961896
18.56140729048938,-54.20169614437087
18.545253141415795,-54.941727043978794
18.544188410093266,-55.645022516347424
18.540253865381388,-56.2846088900204
18.546165222996848,-56.86905991207157
18.542619934891192,-57.41434264693959
18.538330479749852,-57.935732575045996
18.534166960568484,-58.44904328602064
18.52996146273321,-58.969853420402295
18.525565152836,-59.51703848500766
18.520798667539037,-60.11110726178655
18.515505540951857,-60.76940050946079
18.509739200451396,-61.48848115019802
18.50392706505551,-62.214765633227664
18.49849655378231,-62.891570595577534
18.49355070514513,-63.50828543313471
18.488994113113225,-64.0770668666114
18.48470465796729,-64.6126712147277
18.480579301194,-65.12896805285982
18.47646539314414,-65.64307076964141
18.46756973485529,-66.16970536778052
18.46779107681884,-66.73229475585721
18.46320395485298,-67.34596662373478
18.457971888118543,-68.02869836638203
18.452320034847578,-68.76546461047465
18.4468437286727,-69.48311281965653
18.44211540577794,-70.13820393858943
18.437612241117357,-70.73255313847693
18.433410559514467,-71.2820535884797
18.429533258415727,-71.80315930397583
18.425659773558568,-72.31183924415534
18.42185116480148,-72.82457016140515
18.417802132846557,-73.35904144858216
18.413505045210275,-73.93437493009854
18.406666340923245,-74.57044654115876
18.367454462433614,-75.2769081420024
18.320724588754643,-76.01461797195829
18.283157510226438,-76.7122955083969
18.192487435242178,-77.33954894953384
18.067997830643684,-77.90521920229713
17.969386157702854,-78.43554098535965
17.862836703043072,-78.93910509854955
17.71991465339603,-79.42366486187035
17.5766720394864,-79.91443182859709
17.39150038338343,-80.41575634641335
17.132721066788918,-80.93314077144989
16.84778904916681,-81.50534033523219
16.479044742051542,-82.11337721439995
16.08272427593839,-82.74559869193973
15.723715200151618,-83.36091141392703
15.422972495186196,-83.93475183184194
15.124862996660807,-84.44289745229146
14.839202076970242,-84.90922213453051
14.56963424647033,-85.35246117382172
14.269070904851752,-85.75818035906656
13.918110281794755,-86.12359061718243
13.507299547817828,-86.45355008905162
13.067168632609988,-86.8023850677345
12.537493433614697,-87.11356377031322
11.879874931766851,-87.30943931168675
11.377928541435477,-87.3713105021289
10.850428599953625,-87.40365010762143
10.32984368754748,-87.43712277405328
9.606769016450025,-87.49698173919553
8.965369539762717,-87.57717895872729
8.392891379355508,-87.68359573892738
7.869791563984272,-87.80723580330712
7.374321334985592,-87.92848090276038
6.72805615074764,-88.08591195172588
6.232116524080849,-88.20020331598244
5.701300268982722,-88.29832866696911
5.12168573750975,-88.41903186770216
4.473874975583966,-88.55568129060904
3.759459355790301,-88.71243780830244
3.0366212916451394,-88.84701058439525
2.3582004589690206,-88.91337991305501
1.7419500118728346,-88.96745609895508
1.177894295825123,-89.05183313860447
0.6427504231987163,-89.1170959328473
0.12187547646361675,-89.1739005598126
-0.39871706842293514,-89.24480213224145
-0.9405775255787352,-89.29078394300853
-1.5230733191496026,-89.28431905344232
-2.1610877898596765,-89.21905625907957
-2.8707102106647997,-89.17073253627431
-3.608725466087092,-89.15965961290374
-4.306120650054489,-89.166041133302
-4.939876195577056,-89.17222559963008
-5.520891287555155,-89.1776976396872
-6.066148199379588,-89.17540878073966
-6.5916675116576045,-89.17540120167808
-7.113492702441577,-89.16842851891683
-7.6486671049834385,-89.1648360714638
-8.216020053418113,-89.14090158012223
-8.8348311983465,-89.09966422506781
-9.519029820187393,-89.01518107924366
-10.257892281139807,-88.91967806314136
-10.983306308062243,-88.82914687296707
-11.647652843120296,-88.76674136270059
-12.245673105921066,-88.70188783449271
-12.79489890859182,-88.64570468565083
-13.308481018345391,-88.58043431229085
-13.967935132164744,-88.50052888424045
-14.63209848763801,-88.41972155483946
-15.157770449547437,-88.35469370957094
-15.723551106585656,-88.26401851835676
-16.34892618637956,-88.15800342518942
-17.04515360050376,-88.04487164825453
-17.777604776205457,-87.9278973168253
-18.4688023844058,-87.77870085441242
-19.094581985758705,-87.63338484151163
-19.654539058693594,-87.4730586133016
-20.14895600505489,-87.25627260271791
-20.594631918657477,-86.99748754736314
-21.036796890347716,-86.76019654433935
-21.494951912716996,-86.55157690942569
-21.96462435105861,-86.31940552288278
-22.47568774157754,-86.07972713392509
-23.03375959133264,-85.8010396168429
-23.640030567578407,-85.45947290188498
-24.29532497842436,-85.11632975431
-24.92555431699305,-84.776771475128
-25.505325314268358,-84.47252756013935
-26.029325762482586,-84.1908539159056
-26.49153363299991,-83.89780039876992
-26.913335141570325,-83.60253381278218
-27.447639441038493,-83.21349601293852
-27.990400531029415,-82.81948638716743
-28.409683320393018,-82.48429361370768
-28.863304648170264,-82.10833717294582
-29.35908780884175,-81.67279840058787
-29.902757164225726,-81.18834095376593
-30.447136340473183,-80.69670619116316
-30.965794050962195,-80.25564611516454
-31.43487115563849,-79.85532317996051
-31.866098779984974,-79.48892007240735
-32.26394192621648,-79.13773560275686
-32.63925398433675,-78.79159495956442
-33.00861270616688,-78.44449178300016
-33.37534585404048,-78.0758642380951
-33.762618012109336,-77.68075944642692
-34.17701601270117,-77.23638734616289
-34.64832180222916,-76.74751891964834
-35.16785724817919,-76.21820135445309
-35.6804471351254,-75.69879333559997
-36.13493856587487,-75.20952701143597
-36.54307029839576,-74.7675195600929
-36.883860638504125,-74.33486080888174
-37.20109713785984,-73.92758413851037
-37.59178101555114,-73.39683414178101
-37.97458817138182,-72.8615973753147
-38.253303531947466,-72.42457311842183
-38.532499738899716,-71.93726975604493
-38.81684023899646,-71.38147494412574
-39.145296487487386,-70.76368388817696
-39.49081133418813,-70.10841087320193
-39.84401972317557,-69.49331415279627
-40.1555929205549,-68.92682157823157
-40.441444652177076,-68.41205190921431
-40.696682496807064,-67.9285683643252
-40.94479160285774,-67.47187280531833
-41.17124735627691,-67.01892885276821
-41.39776416955538,-66.5633170911847
-41.63085255019771,-66.09046309791928
-41.878839536525106,-65.585701502288
-42.14762503744794,-65.0297020572995
-42.450779606711905,-64.41123268059998
-42.77635077684575,-63.74821771413688
-43.08202406530704,-63.10245634786286
-43.35465633736828,-62.50877788977601
-43.56098523463194,-61.952172124562686
-43.747126215893,-61.43277168476948
-43.89729530750026,-60.92957136375799
-44.03933580532932,-60.436538275187594
-44.18336838107088,-59.94141717130824
-44.33814749206168,-59.428955308708474
-44.5170757774337,-58.883528572832624
-44.69698102055093,-58.27937972220172
-44.904905106635006,-57.612704097339076
-45.110218883728024,-56.90630691808489
-45.27954550620375,-56.22456423538834
-45.42895134956365,-55.60067397686241
-45.57542631967895,-55.03213128203487
-45.71740575765147,-54.502440451013534
-45.8405863914205,-53.99259523918444
-45.96537747898185,-53.491331353430866
-46.08185679318522,-52.97870464752509
-46.21238750752627,-52.44039649016682
-46.310884693138384,-51.8484706765341
-46.38072190725124,-51.18746225113381
-46.47796736573859,-50.46528748252949
-46.54113379021187,-49.732263371223695
-46.56896182107572,-49.0492152052865
-46.586821829901936,-48.431647729974216
-46.59498095357407,-47.86588084498564
-46.62680840524039,-47.339094666850876
-46.641981780263954,-46.835629080754074
-46.675534172950904,-46.17324127682296
-46.684525237213556,-45.65936971969426
-46.708239360067154,-45.11169012521395
-46.723229555510095,-44.50895286389903
-46.73528887770013,-43.83561529547631
-46.757133042353495,-43.104002773471265
-46.77461905954563,-42.37919240660239
-46.796379266898306,-41.71179488173117
-46.816284781026546,-41.10764413636859
-46.834595106331804,-40.552935016665025
-46.851646072039735,-40.03263551767048
-46.86814749901484,-39.53227827015373
-46.88989244140807,-38.87020025796919
-46.90679075747011,-38.35441026572227
-46.92499422802568,-37.80109189305791
-46.94506765677338,-37.18865635011033
-46.96760637734189,-36.50205173704685
-46.99171738928915,-35.76799309184475
-47.015095682926,-35.05565586905992
-47.0365658559604,-34.40243107968158
-47.05611264342708,-33.80682850225724
-47.07430084902465,-33.25370813104506
-47.08329191330524,-32.72834301596342
-47.09570996219431,-32.215576572201286
-47.11043302077545,-31.6989509948812
-47.125865900222216,-31.16124773670595
-47.14238259217299,-30.58275617947508
-47.16060896018626,-29.94504466173374
-47.18075108128767,-29.239698121783565
-47.20158012580815,-28.510354563784517
-47.2213177253441,-27.81932097088083
-47.23930748640723,-27.188673557564638
-47.25587760574128,-26.609456547646758
-47.271356280090046,-26.065976549749053
-47.28636937301202,-25.54187499656374
-47.30116112394446,-25.02172251838532
-47.3163955588581,-24.489753131198153
-47.33243140442692,-23.927194148020725
-47.34992505413937,-23.31517174955108
-47.369189439774985,-22.63977541603558
-47.38995742444937,-21.912464215043574
-47.41035904996883,-21.197909897057492
-47.42916548666295,-20.539174698857835
-47.44628514474228,-19.938792139020084
-47.46222176804659,-19.382084057293888
-47.4772882883553,-18.852455279373558
-47.4921334666743,-18.334347059605026
-47.506993909959,-17.812392969533743
-47.522548909145215,-17.2692328292451
-47.53919535331948,-16.68544449633797
-47.557551473558576,-16.042774889614233
-47.57780044944117,-15.333650216701555
-47.598515006753274,-14.60793510636012
-47.61793967453627,-13.927473275179521
-47.63566229873861,-13.306177877801115
-47.652056870999125,-12.731133345845084
-47.66766529757007,-12.186169876545582
-47.68275471533662,-11.656569993574546
-47.697935722893,-11.126523896805645
-47.713536516984064,-10.578459667929724
-47.730251653511075,-9.993677064575419
-47.74852381645543,-9.353227632025181
-47.768627775184974,-8.649100364174748
-47.7893728624404,-7.922345035680983
-47.80899597477938,-7.2354846312716425
-47.82687124864204,-6.609199407835326
-47.84329635084297,-6.035169514898073
-47.85859184564441,-5.498132735295739
-47.87339122908809,-4.982400532949003
-47.88788531323527,-4.472470057350471
-47.90282971384679,-3.950661389399176
-47.91852209773813,-3.399584506856471
-47.935634123363705,-2.800477587952145
-47.95457031229309,-2.1370855661373604
-47.97320120193064,-1.4140903704762713
-47.96085947790095,-0.6920633924384275
-47.93807651791571,-0.023203120002058923
-47.9351380122249,0.585760292222859
-47.935931790436236,1.1486092610780732
-47.936588183962485,1.6790390448707821
-47.93725984245308,2.1917661725536726
-47.937824646190364,2.7027330768044804
-47.9384581422712,3.2276301884532743
-47.939015313531144,3.7845163767479018
-47.93967933954989,4.392625256391425
-47.9404044254347,5.0696310622326735
-47.94113714380806,5.804690135819685
-47.94187749466448,6.529445554913996
-47.9426102130347,7.194408325088526
-47.94322844416425,7.79752832604885
-47.94385430777295,8.353656614049772
-47.93003951463697,8.877289926960136
-47.89871580682358,9.381956785022608
-47.88693888649368,9.883936886542203
-47.87990937023224,10.398877083083448
-47.90523394696187,10.94406129084122
-47.948853584063144,11.539187338449686
-47.96635486632381,12.202221252375077
-47.978353128765825,12.92774404551554
-47.990359023691724,13.65258472839163
-48.001601670371286,14.325475135636923
-47.986390132970165,14.93645266789365
-47.940236511825326,15.498409209158066
-47.919735664098475,16.028105724418946
-47.91080565972233,16.539847581721116
-47.901997775065375,17.04865257538525
-47.89289222359611,17.570455559086202
-47.88309974871332,18.123249085796168
-47.87244480332351,18.725355395115095
-47.86056102827284,19.394369142361008
-47.86815534837244,20.12502670999172
-47.938847400656954,20.848764647933205
-48.08412407116382,21.503222920019024
-48.22979763074979,22.094476097112157
-48.33233239968134,22.645302872545102
-48.44324763430915,23.164256151125617
-48.531845490334,23.673072513280697
-48.6091320074103,24.18489016060004
-48.68878459404084,24.715067942533388
-48.77440578193173,25.28350832079242
-48.86878142717,25.909333119786417
-48.973445658724344,26.603069574594343
-49.08208641362598,27.32297253704081
-49.18483489209355,28.003851213365813
-49.278546511365654,28.624723133939188
-49.36474776792803,29.195854058238815
-49.44599554339442,29.734421796420726
-49.524877249308275,30.256706046792925
-49.60369789536372,30.77922145675446
-49.685312029989376,31.319646050655084
-49.79376960530035,31.89368352257617
-49.9027003945322,32.527295747081816
-50.016752579481846,33.22960784370722
-50.13404856946602,33.9525840918389
-50.24378840184589,34.62868420680702
-50.34312516067487,35.24048027135891
-50.43397459904252,35.799894057114
-50.51908441062349,36.324247375283996
-50.60099621206696,36.82828138658067
-50.68178603859405,37.32602103593826
-50.76408709664312,37.832499275681485
-50.85083789195019,38.36675077168569
-50.94516774231197,38.947488082201204
-51.05008384580652,39.59345787099167
-51.152641512246674,40.30818816392642
-51.20258084487131,41.03540107470738
-51.2290808239695,41.71516942710805
-51.28075273008606,42.33232005723995
-51.32494480342069,42.901851811921105
-51.37590688865845,43.43754331848798
-51.435890568116115,43.95186961577409
-51.53166295765097,44.454971409703646
-51.63357186305615,44.96772127437026
-51.71327787710195,45.51255305847242
-51.79563236255888,46.10427613374379
-51.91604240538715,46.755388276019936
-52.08514005360085,47.46229703790634
-52.23535494030614,48.18232505387949
-52.35908511299738,48.85493124848204
-52.47025221960899,49.462532334897936
-52.57170317608665,50.01655744955537
-52.666506240367376,50.53349850284423
-52.7570580119347,51.02753580925875
-52.87598735318359,51.67601803751246
-52.96734816789052,52.17387516140632
-53.06396013051151,52.70082049857007
-53.169723439569225,53.27734009394089
-53.2879887548516,53.92203282072473
-53.4184049821673,54.633019086193244
-53.54880594452247,55.354850904863696
-53.63100778037077,56.0310874418772
-53.66939916710106,56.64641911130081
-53.711538102689474,57.2093571334216
-53.70311947470397,57.73790164022721
-53.62449727339075,58.24120806727014
-53.45738407086487,58.7179879840558
-53.25229926828727,59.19560159117403
-53.07158498209489,59.71349001989289
-52.910982287101106,60.29177552301047
-52.76955238797275,60.94851128552245
-52.63277067065712,61.67151784971301
-52.49850767253931,62.38406538985071
-52.37655586855331,63.02970549205987
-52.27119708133242,63.58663336489019
-52.15911407710672,64.17868233733161
